id,WaterBody,Town,County,AccessType,BoatSize,RampType,UniversalAccess,BulletinBoard,Exposure,Parking,Shorefishing,UseVolume,Dock,WinterPlowing,SummerPortolet,WinterPortolet,TempPortolet,AccessName,Bowfin,Carp,ChannelCatfish,WhiteCrappie,LongnoseGar,Muskellunge,WhitePerch,AmericanShad,Sheepshead,LakeWhitefish,BrookTrout,BrownTrout,RainbowTrout,LakeTrout,LandlockedSalmon,RainbowSmelt,YellowPerch,Walleye,NorthernPike,ChainPickerel,LargemouthBass,SmallmouthBass,Bullhead,Panfish,BlackCrappie,Burbot,CoordX,CoordY
1,Brownington Pond,Brownington,Orleans,Boating/Fishing,Medium,Concrete Plank,No,No,Protected,Medium,All Year,Light,No,No,No,No,No,Brownington Pond,No,No,No,No,No,No,No,No,No,No,No,No,No,No,No,No,Yes,No,No,Yes,No,Yes,Yes,Yes,No,No,-72.15148988,44.87974814
2,Burr Pond,Sudbury,Rutland,Boating/Fishing,Small,Gravel,No,Yes,South,Small,All Year,Light,No,Yes,No,No,No,Burr Pond,No,No,No,No,No,No,No,No,No,No,No,No,No,No,No,No,Yes,No,Yes,No,Yes,No,Yes,Yes,Yes,No,-73.18239075,43.76844728
3,Barton River,Glover,Orleans,Fishing,N/A,None,No,Yes,Protected,Small,Spring-Summer,Light,No,No,No,No,No,Barton River,No,No,No,No,No,No,No,No,No,No,Yes,Yes,Yes,No,No,No,No,No,No,No,No,No,No,No,No,No,-72.185675,44.722352
4,C.C.C. Pond,Sharon,Windsor,Boating/Fishing,Small,Gravel,No,Yes,Protected,Small,Spring-Summer,Light,No,No,No,No,No,C.C.C. Pond,No,No,No,No,No,No,No,No,No,No,No,No,No,No,No,No,No,No,No,No,Yes,No,Yes,Yes,No,No,-72.392464,43.816271
5,Center Pond,Newark,Caledonia,Boating/Fishing,Small,Gravel,No,Yes,Protected,Small,Spring-Summer,Light,No,No,No,No,No,Center Pond,No,No,No,No,No,No,No,No,No,No,Yes,No,No,Yes,No,No,No,No,No,No,No,No,No,No,No,No,-71.92250694,44.71446347
6,Charcoal Creek,Swanton,Franklin,Fishing,N/A,None,No,Yes,Protected,Small,Spring-Summer,Light,No,No,No,No,No,Charcoal Creek,Yes,Yes,Yes,No,Yes,No,Yes,No,No,No,No,No,No,No,No,No,Yes,No,Yes,Yes,Yes,No,Yes,Yes,Yes,No,-73.18121983,44.97017581
7,Chittenden Reservoir,Chittenden,Rutland,Boating/Fishing,Medium,Gravel,No,Yes,North,Medium,All Year,Heavy,No,Yes,Yes,Yes,No,Chittenden Reservoir,No,No,No,No,No,No,No,No,No,No,No,No,No,No,No,No,Yes,Yes,No,No,Yes,No,Yes,Yes,No,No,-72.92105913,43.72322809
8,Clark's Pond,Glover,Orleans,Boating/Fishing,Small,Gravel,No,No,Protected,Medium,All Year,Light,No,No,No,No,No,Clark's Pond,No,No,No,No,No,No,No,No,No,No,No,No,No,No,No,No,Yes,No,No,Yes,No,No,Yes,Yes,No,No,-72.20233161,44.64608317
9,Clyde River,Brighton,Essex,Boating/Fishing,Carry-on,None,No,Yes,Protected,Small,Spring,Light,No,No,No,No,No,Clyde River (Brighton),No,No,No,No,No,No,No,No,No,No,Yes,Yes,No,No,No,No,No,No,No,Yes,No,No,No,No,No,No,-71.91492586,44.80169872
10,Clyde River,Charleston,Orleans,Boating/Fishing,Small,Gravel,No,No,Protected,Small,Spring,Light,No,No,No,No,No,Clyde River (Charleston),No,No,No,No,No,No,No,No,No,No,Yes,Yes,Yes,No,Yes,No,Yes,No,No,Yes,No,No,No,Yes,No,No,-71.97394147,44.82762296
11,Coits Pond,Cabot,Washington,Boating/Fishing,Carry-on,None,No,Yes,Northwest,Small,Spring,Light,No,No,No,No,No,Coits Pond,No,No,No,No,No,No,No,No,No,No,No,No,No,No,No,No,Yes,No,No,Yes,Yes,No,Yes,No,No,No,-72.32529255,44.44387195
12,Colby Pond,Plymouth,Windsor,Boating/Fishing,Small,Gravel,No,Yes,Protected,Small,Trout Season Only,Light,No,No,No,No,No,Colby Pond,No,No,No,No,No,No,No,No,No,No,Yes,Yes,No,No,No,No,No,No,No,No,No,No,No,No,No,No,-72.66521033,43.47360889
14,Colton Pond,Killington,Rutland,Boating/Fishing,Small,Concrete Plank,No,Yes,Protected,Medium,Spring/summer,Light,No,No,Yes,No,No,Colton Pond,No,No,No,No,No,No,No,No,No,No,Yes,No,No,No,No,No,Yes,No,No,No,Yes,No,Yes,No,No,No,-72.81581009,43.69667405
15,Lake Champlain,Charlotte,Chittenden,Boating/Fishing,Medium,Concrete,No,Yes,Protected,Large,All Year,Moderate,Yes,Yes,Yes,No,No,Converse Bay,No,No,No,No,No,No,Yes,No,No,No,No,Yes,No,Yes,Yes,Yes,Yes,Yes,Yes,No,No,Yes,Yes,Yes,Yes,No,-73.29135619,44.29497944
16,Crystal Lake,Barton,Orleans,Boating/Fishing,Large,Concrete,Yes,Yes,Protected,Small,All Year,Moderate,Yes,Yes,Yes,Yes,No,Crystal Lake,No,No,No,No,No,No,No,No,No,No,No,No,Yes,Yes,No,No,Yes,No,No,Yes,No,Yes,Yes,Yes,No,No,-72.14585427,44.71934
17,Curtis Pond,Calais,Washington,Boating/Fishing,Small,Gravel,No,Yes,Protected,Small,All Year,Moderate,No,Yes,No,No,No,Curtis Pond,No,No,No,No,No,No,No,No,No,No,No,No,No,No,No,No,Yes,No,No,Yes,Yes,No,Yes,Yes,No,No,-72.50066255,44.37654024
18,Daniels Pond,Glover,Orleans,Boating/Fishing,Small,Gravel,No,Yes,Protected,Small,All Year,Light,No,No,No,No,No,Daniels Pond,No,No,No,No,No,No,No,No,No,No,No,No,No,No,No,No,Yes,No,No,Yes,No,No,Yes,Yes,No,No,-72.25718154,44.67423351
19,Dead Creek,Addison,Addison,Boating/Fishing,Medium,Gravel,No,Yes,Protected,Large,Spring,Light,No,No,No,No,No,Dead Creek,No,No,No,No,No,No,No,No,No,No,No,No,No,No,No,No,Yes,No,Yes,No,Yes,Yes,Yes,Yes,No,No,-73.345261,44.084982
20,Derby Pond,Derby,Orleans,Boating/Fishing,Medium,Concrete Plank,No,Yes,South,Medium,All Year,Light,No,No,No,No,No,Derby Pond,No,No,No,No,No,No,No,No,No,No,No,No,No,No,No,No,Yes,No,No,Yes,Yes,Yes,Yes,Yes,No,No,-72.12222325,44.95867827
21,Lake Champlain,Alburg,Grand Isle,Boating/Fishing,Small,Gravel,No,Yes,Northeast,Large,All Year,Moderate,Yes,Yes,Yes,No,No,Dillenbeck Bay,Yes,Yes,Yes,No,No,No,Yes,No,Yes,No,No,No,No,No,No,No,Yes,Yes,Yes,Yes,Yes,Yes,Yes,Yes,Yes,No,-73.27599241,44.91631973
22,Lamoille River,Cambridge,Lamoille,Boating/Fishing,Carry-on,None,No,No,Protected,Small,Spring-Summer,Light,No,No,No,No,No,Dorothy Smith,No,No,No,No,No,No,No,No,No,No,No,Yes,Yes,No,No,No,No,No,No,No,No,No,No,No,No,No,-72.82980907,44.64982135
23,Dufresne Pond,Manchester,Bennington,Boating/Fishing,Carry-on,None,No,Yes,Protected,Small,Trout Season Only,Light,No,No,Yes,No,No,Dufresne Dam,No,No,No,No,No,No,No,No,No,No,Yes,Yes,No,No,No,No,No,No,No,No,No,No,No,No,No,No,-73.03018952,43.17912011
24,Dufresne Pond,Manchester,Bennington,Fishing,Carry-on,None,No,No,Protected,Small,Trout Season Only,Light,No,No,No,No,No,Dufresne Pond,No,No,No,No,No,No,No,No,No,No,Yes,Yes,No,No,No,No,No,No,No,No,No,No,No,No,No,No,-73.024149,43.181734
25,Echo Lake,Charleston,Orleans,Boating/Fishing,Small,Gravel,No,Yes,North,Small,All Year,Light,No,Yes,Yes,Yes,No,Echo Lake Charleston,No,No,No,No,No,No,No,No,No,No,No,No,Yes,Yes,No,No,Yes,No,No,No,No,Yes,No,No,No,Yes,-71.98984804,44.8513014
26,Echo Lake,Plymouth,Windsor,Boating/Fishing,Medium,Concrete Plank,No,Yes,Protected,Small,All Year,Moderate,No,Yes,Yes,No,No,Echo Lake Plymouth,No,No,No,No,No,No,No,No,No,No,No,No,Yes,Yes,No,Yes,Yes,No,No,Yes,Yes,Yes,No,Yes,No,No,-72.70293628,43.4755594
27,Ewell Pond,Peacham,Caledonia,Boating/Fishing,Small,Concrete Plank,No,Yes,Protected,Small,Spring-Summer,Light,No,No,Yes,Yes,No,Ewell Pond,No,No,No,No,No,No,No,No,No,No,No,No,Yes,No,No,No,Yes,No,No,No,No,No,No,No,No,No,-72.167891,44.36089082
29,Fairfield Swamp,Fairfield,Franklin,Boating/Fishing,Small,Gravel,No,No,Protected,Small,"Spring, Summer, Fall",,No,No,No,No,No,Fairfield Swamp,No,No,No,No,No,No,No,No,No,No,No,No,No,No,No,No,No,No,No,Yes,No,No,Yes,Yes,No,No,-72.998092,44.78825
31,Lake Champlain,Ferrisburg,Addison,Boating/Fishing,Large,Concrete,No,Yes,Protected,Large,All Year,Moderate,No,Yes,No,No,Yes,Fort Cassin,Yes,Yes,No,No,No,Yes,Yes,No,Yes,No,No,Yes,No,Yes,Yes,No,Yes,Yes,Yes,Yes,Yes,Yes,Yes,Yes,Yes,No,-73.31587332,44.22175316
32,Foster Pond,Peacham,Caledonia,Boating/Fishing,Small,Concrete Plank,No,Yes,Protected,Small,Spring,Light,No,No,Yes,Yes,No,Fosters Pond,No,No,No,No,No,No,No,No,No,No,No,No,No,No,No,No,No,No,No,Yes,No,No,Yes,No,No,No,-72.21464965,44.32944478
33,White River,Royalton,Windsor,Fishing,N/A,None,No,Yes,Protected,Small,Spring-Summer,Light,No,No,No,No,No,Foxstand,No,No,No,No,No,No,No,No,No,No,Yes,Yes,Yes,No,No,No,No,No,No,No,No,Yes,No,No,No,No,-72.565153,43.82302556
34,Gale Meadows Pond,Winhall,Bennington,Boating/Fishing,Small,Concrete Plank,Yes,Yes,Protected,Medium,All Year,Moderate,No,No,No,No,No,Gale Meadows Pond,No,No,No,No,No,No,No,No,No,No,No,No,No,No,No,No,Yes,No,No,Yes,Yes,No,Yes,Yes,No,No,-72.864683,43.167744
35,Lake Bomoseen,Castleton,Rutland,Boating/Fishing,Medium,Concrete,No,Yes,North,Medium,All Year,Moderate,Yes,Yes,Yes,Yes,No,Thomas Evanoika,No,No,No,No,No,No,No,No,No,No,No,Yes,No,No,No,Yes,Yes,No,Yes,No,Yes,Yes,Yes,Yes,Yes,No,-73.20119429,43.6740759
36,Great Averill Pond,Averill,Essex,Boating/Fishing,Large,Concrete,No,Yes,South,Large,All Year,Moderate,Yes,Yes,Yes,No,No,Great Averill Pond,No,No,No,No,No,No,No,No,No,No,Yes,No,No,Yes,No,Yes,No,No,No,No,No,No,No,No,No,No,-71.70603109,44.9948056
37,Lake Bomoseen,Castleton,Rutland,Boating/Fishing,Medium,Concrete,Yes,Yes,North,Large,All Year,Heavy,Yes,Yes,Yes,Yes,No,Kehoe,No,No,No,No,No,No,No,No,No,No,No,Yes,No,No,No,Yes,Yes,No,Yes,No,Yes,Yes,Yes,Yes,Yes,No,-73.23322587,43.63043891
38,Greenwood Lake,Woodbury,Washington,Boating/Fishing,Small,Concrete Plank,No,Yes,Protected,Small,All Year,Light,No,Yes,No,No,No,Greenwood Lake,No,No,No,No,No,No,No,No,No,No,No,Yes,No,No,No,No,Yes,No,No,Yes,No,Yes,Yes,Yes,No,No,-72.42047286,44.45505909
40,Harvey Lake,Barnet,Caledonia,Boating/Fishing,Medium,Concrete,No,Yes,Protected,Medium,All Year,Moderate,No,Yes,Yes,Yes,No,Harvey Lake,No,No,No,No,No,No,No,No,No,No,No,No,Yes,Yes,No,Yes,Yes,No,No,Yes,No,No,No,Yes,No,No,-72.13942045,44.28403538
41,Connecticut River,Newbury,Orange,Boating/Fishing,Medium,Concrete,No,Yes,Protected,Medium,Spring-Summer,Moderate,No,No,Yes,No,No,Haverill Bridge,No,No,No,No,No,No,No,No,No,No,No,Yes,Yes,No,No,No,Yes,Yes,Yes,Yes,Yes,Yes,Yes,Yes,Yes,No,-72.05176012,44.06658811
42,Lake Champlain,Isle La Motte,Grand Isle,Boating/Fishing,Medium,Concrete,No,Yes,East,Medium,All Year,Light,Yes,Yes,No,No,Yes,Holcomb Bay,No,No,No,No,No,No,Yes,No,No,No,No,No,No,Yes,Yes,No,Yes,Yes,Yes,Yes,Yes,Yes,Yes,Yes,Yes,No,-73.33185537,44.85487128
43,Holland Pond,Holland,Orleans,Boating/Fishing,Small,Concrete Plank,No,Yes,South,Small,Spring-Summer,Light,No,No,No,No,No,Holland Pond,No,No,No,No,No,No,No,No,No,No,No,No,Yes,No,No,No,No,No,No,Yes,No,No,No,No,No,No,-71.934435,44.985766
44,Lake Champlain,Alburg,Grand Isle,Boating/Fishing,Medium,Concrete,No,Yes,"West, South",Medium,All Year,Light,No,Yes,No,No,Yes,Horicans,No,No,No,No,No,No,Yes,No,No,No,No,No,No,Yes,Yes,No,Yes,Yes,Yes,Yes,Yes,Yes,Yes,Yes,Yes,No,-73.3136117,44.91387362
45,Horse Pond,Greensboro,Orleans,Boating/Fishing,Small,Gravel,No,Yes,Protected,Small,Spring,Light,No,No,No,No,No,Horse Pond,No,No,No,No,No,No,No,No,No,No,No,No,No,No,No,No,Yes,No,No,Yes,No,No,Yes,No,No,No,-72.2094388,44.61573944
46,Hortonia Lake,Sudbury,Rutland,Boating/Fishing,Small,Gravel,No,Yes,Protected,Medium,Spring-Summer,Light,No,Yes,Yes,Yes,No,Hortonia Lake,No,No,No,No,No,No,No,No,No,No,No,No,No,No,No,No,Yes,No,Yes,No,Yes,No,Yes,Yes,Yes,No,-73.21070754,43.75237938
47,Hortonia Lake,Hubbardton,Rutland,Boating/Fishing,Medium,Concrete Plank,No,Yes,Protected,Small,All Year,Moderate,No,Yes,Yes,Yes,No,Hortonia Lake Dam,No,No,No,No,No,No,No,No,No,No,No,No,No,No,No,No,Yes,No,Yes,No,Yes,No,Yes,Yes,Yes,No,-73.22192474,43.74564774
48,Connecticut River,Springfield,Windsor,Boating/Fishing,Large,Concrete,Yes,Yes,Protected,Large,All Year,Heavy,Yes,Yes,Yes,Yes,No,Hoyts Landing,No,No,No,No,No,No,No,No,No,No,No,No,No,No,No,No,Yes,Yes,Yes,Yes,Yes,Yes,Yes,Yes,No,No,-72.43015776,43.26062777
49,Island Pond,Brighton,Essex,Boating/Fishing,Medium,Concrete,No,Yes,Northeast,Small,All Year,Moderate,No,No,Yes,Yes,No,Island Pond,No,No,No,No,No,No,No,No,No,No,Yes,Yes,Yes,No,No,Yes,Yes,Yes,No,Yes,Yes,Yes,Yes,No,No,Yes,-71.86635944,44.79275681
50,Job's Pond,Westmore,Orleans,Boating/Fishing,Small,Gravel,No,Yes,Northwest,Small,All Year,Light,No,Yes,No,No,No,Job's Pond,No,No,No,No,No,No,No,No,No,No,Yes,No,No,No,No,No,No,No,No,No,No,No,No,No,No,No,-71.95223281,44.76026419
51,Joe's Pond,Danville,Caledonia,Boating/Fishing,Medium,Concrete,No,Yes,North,Small,All Year,Moderate,No,Yes,Yes,Yes,No,Joe's Pond,No,No,No,No,No,No,No,No,No,No,No,Yes,Yes,No,No,No,Yes,No,Yes,Yes,No,Yes,Yes,Yes,No,No,-72.21832,44.403617
52,Lake Memphremagog,Derby,Orleans,Boating/Fishing,Small,Gravel,No,Yes,Protected,Small,Spring-Summer,Light,No,No,No,No,No,Johns River,No,Yes,No,No,No,No,No,No,No,No,No,Yes,Yes,Yes,Yes,Yes,Yes,Yes,Yes,Yes,Yes,Yes,Yes,Yes,No,Yes,-72.18073804,44.99612814
53,Lake Champlain,South Hero,Grand Isle,Boating/Fishing,Small,Gravel,No,Yes,Protected,Small,All Year,Light,No,Yes,Yes,Yes,No,Keeler Bay,Yes,No,No,No,No,No,Yes,No,No,No,No,Yes,No,No,Yes,No,Yes,Yes,Yes,Yes,Yes,Yes,Yes,Yes,Yes,No,-73.32053,44.667811
54,Lake Champlain,Alburg,Grand Isle,Boating/Fishing,Medium,Concrete Plank,No,Yes,West,Medium,All Year,Moderate,No,Yes,Yes,Yes,No,Kelly Bay,Yes,No,No,No,No,No,Yes,No,Yes,No,No,No,No,No,No,No,Yes,Yes,Yes,Yes,Yes,Yes,Yes,Yes,Yes,No,-73.33169,44.998866
55,Kent Pond,Killington,Rutland,Boating/Fishing,Small,Concrete Plank,No,Yes,Protected,Large,Spring-Summer,Light,No,No,Yes,No,No,Kent Pond,No,No,No,No,No,No,No,No,No,No,Yes,No,Yes,No,No,No,Yes,No,No,No,Yes,No,No,Yes,No,No,-72.80794281,43.67480656
56,Keiser Pond,Peacham,Caledonia,Boating/Fishing,Small,Concrete Plank,No,No,Protected,Small,Spring,Light,No,No,No,No,No,Keiser Pond,No,No,No,No,No,No,No,No,No,No,No,No,No,No,No,No,Yes,No,No,Yes,No,No,Yes,No,No,No,-72.17072459,44.3846477
57,Lake Champlain,North Hero,Grand Isle,Boating/Fishing,Medium,Concrete,No,Yes,Northeast,Medium,All Year,Moderate,Yes,Yes,Yes,Yes,No,Kings Bay,Yes,No,No,No,No,No,Yes,No,Yes,No,No,Yes,No,No,Yes,No,Yes,Yes,Yes,Yes,Yes,Yes,Yes,Yes,Yes,No,-73.25061107,44.8697732
58,Knapp Pond #1,Cavendish,Windsor,Boating/Fishing,Small,Concrete Plank,Yes,Yes,Protected,Large,Trout Season Only,Moderate,No,No,No,No,No,Knapp Pond 1,No,No,No,No,No,No,No,No,No,No,No,No,Yes,No,No,No,No,No,No,No,No,No,No,No,No,No,-72.562106,43.445372
59,Knapp Pond #2,Cavendish,Windsor,Boating/Fishing,Small,Concrete Plank,No,Yes,Protected,Medium,Trout Season Only,Light,No,No,No,No,No,Knapp Pond 2,No,No,No,No,No,No,No,No,No,No,Yes,No,No,No,No,No,No,No,No,No,No,No,No,No,No,No,-72.566078,43.445915
60,Lake Dunmore,Salisbury,Addison,Boating/Fishing,Medium,Concrete,No,Yes,Protected,Large,Spring,Heavy,Yes,Yes,Yes,Yes,No,Magoon,No,No,No,No,No,No,No,No,No,No,No,No,Yes,Yes,Yes,Yes,Yes,No,Yes,No,Yes,Yes,Yes,Yes,Yes,No,-73.08545646,43.90709976
61,Lake Eden,Eden,Lamoille,Boating/Fishing,Small,Gravel,No,Yes,South,Small,All Year,Light,No,No,No,No,No,Lake Eden,No,No,No,No,No,No,No,No,No,No,No,Yes,No,No,No,No,Yes,No,No,Yes,No,Yes,Yes,Yes,No,No,-72.49588277,44.72880622
62,Lake Eligo,Greensboro,Orleans,Boating/Fishing,Medium,Concrete,No,Yes,North,Medium,All Year,Moderate,No,Yes,No,No,No,Lake Elligo,No,No,No,No,No,No,No,No,No,No,No,No,Yes,Yes,No,No,Yes,No,No,Yes,Yes,No,Yes,Yes,No,No,-72.35795513,44.60364523
63,Lake Elmore,Elmore,Lamoille,Boating/Fishing,Medium,Concrete,No,Yes,North,Medium,All Year,Moderate,No,Yes,No,No,No,Vaughn M. Douglass,No,No,No,No,No,No,No,No,No,No,No,No,No,No,No,No,Yes,No,Yes,No,No,Yes,Yes,Yes,No,No,-72.52129896,44.52698928
64,Lake Fairlee,West Fairlee,Orange,Boating/Fishing,Medium,Concrete Plank,No,Yes,Northeast,Medium,All Year,Heavy,No,Yes,Yes,Yes,No,Lake Fairlee,No,No,No,No,No,No,No,No,No,No,No,Yes,Yes,No,No,Yes,Yes,No,No,Yes,Yes,Yes,Yes,Yes,No,No,-72.2268566,43.89051079
65,Lake Iroquois,Williston,Chittenden,Boating/Fishing,Medium,Concrete Plank,No,Yes,Protected,Medium,All Year,Moderate,Yes,Yes,Yes,No,No,Lake Iroquois,No,No,No,No,No,No,No,No,No,No,No,No,No,No,No,No,Yes,No,No,Yes,Yes,Yes,Yes,Yes,No,No,-73.09015174,44.37707837
66,Lake Morey,Fairlee,Orange,Boating/Fishing,Medium,Concrete,No,Yes,Northeast,Small,All Year,Heavy,No,Yes,Yes,Yes,No,Lake Morey,No,No,No,No,No,No,No,No,No,No,No,No,No,No,No,No,Yes,No,Yes,Yes,Yes,Yes,Yes,Yes,No,No,-72.15932407,43.92126846
67,Lake Ninevah,Mount Holly,Rutland,Boating/Fishing,Small,Gravel,No,Yes,Southeast,Small,Spring,Light,No,No,Yes,No,No,Joseph Wiltshire,No,No,No,No,No,No,No,No,No,No,No,No,No,No,No,No,Yes,No,No,Yes,Yes,Yes,Yes,Yes,No,No,-72.76032392,43.47491754
68,Lake Parker,Glover,Orleans,Boating/Fishing,Medium,Concrete,No,Yes,South,Medium,All Year,Light,No,No,Yes,No,No,Lake Parker,No,No,No,No,No,No,Yes,No,No,No,No,No,Yes,No,No,No,Yes,No,No,Yes,Yes,Yes,Yes,Yes,No,No,-72.23135777,44.72613725
69,Lake Raponda,Wilmington,Windham,Boating/Fishing,Small,Gravel,No,Yes,Protected,Small,All Year,Light,No,No,No,No,No,Lake Raponda,No,No,No,No,No,No,No,No,No,No,No,No,Yes,No,No,No,Yes,No,No,Yes,No,Yes,Yes,Yes,No,No,-72.82009472,42.88393457
70,Lake Rescue,Ludlow,Windsor,Boating/Fishing,Medium,Concrete Plank,No,Yes,Protected,Small,All Year,Moderate,No,Yes,Yes,No,No,Lake Rescue,No,No,No,No,No,No,No,No,No,No,No,Yes,Yes,Yes,No,Yes,Yes,No,No,Yes,Yes,Yes,Yes,Yes,No,No,-72.70193141,43.45594901
71,Lake Sadawga,Whitingham,Windham,Boating/Fishing,Small,Gravel,No,Yes,Protected,Small,All Year,Moderate,No,Yes,No,No,No,Lake Sadawga,No,No,No,No,No,No,No,No,No,No,No,No,No,No,No,No,Yes,No,No,Yes,Yes,No,Yes,Yes,No,No,-72.87676264,42.78575238
72,Lake Saint Catherine,Wells,Rutland,Boating/Fishing,Medium,Concrete,No,Yes,Protected,Medium,Spring-Summer,Heavy,Yes,No,Yes,No,No,Lake Saint Catherine,No,No,No,No,No,No,No,No,No,No,No,Yes,Yes,No,No,No,Yes,No,Yes,No,Yes,Yes,Yes,Yes,Yes,No,-73.20429941,43.4445672
73,Lake Willoughby,Westmore,Orleans,Boating/Fishing,Medium,Gravel,No,Yes,Southwest,Small,All Year,Heavy,Yes,Yes,Yes,Yes,No,Lake Willoughby,No,No,No,No,No,No,No,No,No,No,No,No,Yes,Yes,Yes,Yes,Yes,No,No,No,No,No,No,No,No,Yes,-72.05341337,44.76869916
74,Lamoille River,Morristown,Lamoille,Fishing,N/A,None,No,Yes,Protected,Small,Spring,Light,No,No,No,No,No,Rotary,No,No,No,No,No,No,No,No,No,No,Yes,Yes,Yes,No,Yes,No,Yes,No,No,No,No,No,No,No,No,No,-72.549541,44.567435
75,Lake Champlain,Shoreham,Addison,Boating/Fishing,Medium,Concrete,No,Yes,West,Large,All Year,Heavy,No,Yes,Yes,No,No,Lapham Bay,Yes,Yes,Yes,Yes,Yes,No,Yes,No,Yes,No,No,No,No,No,No,No,Yes,Yes,Yes,Yes,Yes,Yes,Yes,Yes,Yes,No,-73.39188429,43.92596177
76,Lake Champlain,Shoreham,Addison,Boating/Fishing,Medium,Concrete,No,Yes,Protected,Large,All Year,Heavy,Yes,Yes,Yes,Yes,No,Larrabees Point,Yes,Yes,Yes,Yes,Yes,No,Yes,No,Yes,No,No,No,No,No,No,No,Yes,Yes,Yes,Yes,Yes,Yes,Yes,Yes,Yes,No,-73.3694712,43.84912535
77,Lewis Creek,Ferrisburg,Addison,Boating/Fishing,Medium,Concrete Plank,No,Yes,Protected,Medium,Spring-Summer,Light,No,No,No,No,Yes,Lewis Creek,Yes,No,No,No,No,No,Yes,No,Yes,No,No,Yes,Yes,Yes,Yes,No,Yes,Yes,Yes,Yes,Yes,Yes,Yes,Yes,No,No,-73.27443924,44.24850206
78,Little Salem Lake,Derby,Orleans,Boating/Fishing,Small,Gravel,No,Yes,South,Small,Spring,Light,No,No,No,No,No,Little Salem Lake,No,No,No,No,No,No,No,No,No,No,No,No,No,No,No,No,Yes,Yes,No,Yes,Yes,Yes,Yes,Yes,No,No,-72.09963881,44.91925426
80,Long Pond,Westmore,Orleans,Boating/Fishing,Small,Gravel,No,Yes,South,Small,All Year,Light,No,No,Yes,No,No,Long Pond (Westmore),No,No,No,No,No,No,No,No,No,No,Yes,No,No,Yes,No,No,No,No,No,No,No,No,No,No,No,No,-72.02012201,44.75628247
81,Lower Symes Pond,Ryegate,Caledonia,Boating/Fishing,Small,Gravel,No,No,Protected,Small,"Spring, Summer, Fall",,No,No,No,No,No,Lower Symes Pond,No,No,No,No,No,No,No,No,No,No,No,No,No,No,No,No,No,No,No,Yes,No,No,Yes,No,No,No,-72.09991543,44.23977252
82,Lyford Pond,Walden,Caledonia,Boating/Fishing,Carry-on,None,No,Yes,Protected,Small,Spring-Summer,Light,No,No,No,No,No,Lyford Pond,No,No,No,No,No,No,No,No,No,No,No,No,No,No,No,No,Yes,No,No,Yes,Yes,No,Yes,Yes,No,No,-72.24686458,44.44675314
83,Maidstone Lake,Maidstone,Essex,Boating/Fishing,Medium,Concrete,No,Yes,Protected,Medium,Spring,Heavy,Yes,Yes,Yes,No,No,Maidstone Lake,No,No,No,No,No,No,No,No,No,No,No,No,Yes,Yes,No,No,Yes,No,No,No,No,No,Yes,Yes,No,Yes,-71.64895661,44.66456607
84,Lake Champlain,Colchester,Chittenden,Boating/Fishing,Large,Concrete,No,Yes,Protected,Large,All Year,Heavy,Yes,Yes,Yes,Yes,No,Malletts Bay,Yes,No,Yes,No,No,No,Yes,No,Yes,No,Yes,Yes,No,Yes,Yes,Yes,Yes,Yes,Yes,Yes,Yes,Yes,Yes,Yes,Yes,No,-73.23161717,44.55278258
85,Mollys Falls Reservoir,Cabot,Washington,Boating/Fishing,Medium,Concrete Plank,Yes,Yes,Protected,Large,All Year,Heavy,Yes,Yes,Yes,Yes,No,Marshfield Dam,No,No,No,No,No,No,No,No,No,No,No,Yes,Yes,No,No,No,Yes,No,Yes,Yes,No,Yes,Yes,Yes,No,No,-72.30320026,44.36314246
86,Lake Champlain,South Hero,Grand Isle,Fishing,N/A,None,Yes,Yes,Moderate,Small,"Spring, Summer, Fall",Moderate,No,No,Yes,No,No,Allen Point,No,No,No,No,No,No,Yes,No,Yes,No,No,Yes,No,Yes,Yes,Yes,Yes,Yes,Yes,Yes,Yes,Yes,Yes,Yes,No,No,-73.31042707,44.59961876
88,Lake Champlain,Milton,Chittenden,Boating/Fishing,Small,Gravel,No,Yes,Protected,Large,All Year,Heavy,No,Yes,Yes,No,No,Sand Bar WMA,No,No,No,No,No,No,Yes,No,No,No,No,No,No,No,No,No,Yes,Yes,Yes,Yes,Yes,Yes,Yes,Yes,Yes,No,-73.240399,44.625914
89,Hardwick Lake,Hardwick,Caledonia,Boating,Small,Gravel,No,No,Protected,N/A,Spring-Summer,Light,No,No,No,No,No,Hardwick Lake,No,No,No,No,No,No,No,No,No,No,No,No,No,No,No,No,Yes,No,No,Yes,No,No,Yes,Yes,No,No,-72.373562,44.535792
90,Wells River,Newbury,Orange,Fishing,N/A,None,No,Yes,,Small,Spring-Summer,Light,No,No,No,No,No,Wells River,No,No,No,No,No,No,No,No,No,No,No,No,Yes,No,No,No,No,No,No,No,No,No,No,No,No,No,-72.070009,44.15135
91,Barton River,Coventry,Orleans,Boating/Fishing,Carry-on,None,No,Yes,,Small,Spring-Summer,Light,No,No,No,No,No,Coventry Station,No,No,No,No,No,No,No,No,No,No,No,No,No,No,No,No,Yes,No,No,No,No,No,No,No,No,No,-72.20023444,44.87160695
93,East Creek,Orwell,Addison,Fishing,Carry-on,None,No,Yes,,Small,Spring-Summer,Light,No,No,No,No,No,East Creek 2,No,No,No,No,No,No,No,No,No,No,No,No,No,No,No,No,No,No,No,No,No,No,No,No,No,No,-73.315325,43.790772
94,East Creek,Orwell,Addison,Fishing,N/A,None,No,Yes,,Small,Spring-Summer,Light,No,No,No,No,No,East Creek 1,No,No,No,Yes,No,No,No,No,No,No,No,No,No,No,No,No,No,No,No,No,No,No,No,No,No,No,-73.318102,43.801544
96,Martins Pond,Peacham,Caledonia,Boating/Fishing,Small,Concrete Plank,No,Yes,Protected,Small,Spring,Light,No,No,No,No,No,Martins Pond,No,No,No,No,No,No,No,No,No,No,Yes,No,No,No,No,No,No,No,No,No,No,No,Yes,No,No,No,-72.20560772,44.30420768
97,Mettawee River,Rupert,Bennington,Fishing,N/A,None,No,Yes,Protected,Medium,"Spring, Summer, Fall",Light,No,No,No,No,No,Mettawee River,No,No,No,No,No,No,No,No,No,No,Yes,Yes,Yes,No,No,No,No,No,No,No,No,No,No,No,No,No,-73.14068975,43.29310521
98,May Pond,Barton,Orleans,Boating/Fishing,Small,Gravel,No,Yes,Protected,Large,Spring-Summer,Light,No,No,No,No,No,May Pond,No,No,No,No,No,No,No,No,No,No,Yes,No,No,No,No,No,No,No,No,No,No,No,No,No,No,No,-72.12320971,44.7420133
99,Lake Champlain,Addison,Addison,Boating/Fishing,Medium,Gravel,No,Yes,West,Medium,Spring,Light,No,No,No,No,Yes,McCuen Slang,Yes,Yes,Yes,Yes,Yes,No,Yes,No,Yes,No,No,No,No,Yes,Yes,Yes,Yes,Yes,Yes,Yes,Yes,Yes,Yes,Yes,Yes,Yes,-73.397953,44.024523
100,McIntosh Pond,Royalton,Windsor,Boating/Fishing,Medium,Concrete Plank,No,Yes,Protected,Medium,Spring-Summer,Light,No,No,Yes,No,No,McIntosh Pond,No,No,No,No,No,No,No,No,No,No,Yes,No,Yes,No,No,No,No,No,No,No,No,No,Yes,No,No,No,-72.4833476,43.82739567
101,Miles Pond,Concord,Essex,Boating/Fishing,Medium,Concrete Plank,No,Yes,Protected,Small,Spring,Light,No,No,No,No,No,Miles Pond,No,No,No,No,No,No,No,No,No,No,No,No,No,No,No,No,Yes,No,No,Yes,Yes,Yes,Yes,Yes,No,No,-71.79775644,44.44613564
102,Miller Pond,Strafford,Orange,Boating/Fishing,Small,Concrete Plank,No,Yes,Protected,Small,Spring-Summer,Light,No,No,No,No,No,Miller Pond,No,No,No,No,No,No,No,No,No,No,Yes,No,Yes,No,No,No,No,No,No,No,Yes,No,No,Yes,No,No,-72.30988543,43.88969294
103,Mirror Lake,Calais,Washington,Boating/Fishing,Small,Concrete Plank,No,Yes,Protected,Small,Spring,Moderate,No,No,Yes,No,No,Mirror Lake,No,No,No,No,No,No,No,No,No,No,No,No,Yes,Yes,No,Yes,Yes,No,No,Yes,No,Yes,Yes,Yes,No,No,-72.44753888,44.39132128
104,Missisquoi River,Swanton,Franklin,Boating/Fishing,Carry-on,None,No,Yes,Protected,Medium,Spring-Summer,Light,No,No,No,No,No,Babbie Access,No,No,No,No,No,No,No,No,No,No,No,No,No,No,No,No,Yes,Yes,Yes,No,No,Yes,Yes,Yes,No,No,-73.10623198,44.91034027
105,Monkton Pond,Monkton,Addison,Boating/Fishing,Small,Concrete Plank,No,Yes,Protected,Small,All Year,Light,No,Yes,No,No,No,Monkton Pond,No,No,No,No,No,No,Yes,No,No,No,No,No,No,No,No,No,Yes,No,Yes,No,Yes,No,Yes,Yes,Yes,No,-73.13843957,44.24982501
106,Moose River,Concord,Essex,Boating/Fishing,Carry-on,None,No,No,Protected,Small,Spring-Summer,Light,No,No,No,No,No,Moose River,No,No,No,No,No,No,No,No,No,No,Yes,Yes,No,No,No,No,No,No,No,No,No,No,No,No,No,No,-71.86853,44.455944
107,Mud Creek Pond,Alburg,Grand Isle,Fishing,N/A,None,Yes,Yes,Protected,Small,Spring-Summer,Moderate,No,No,No,No,No,Mud Creek Pond,Yes,Yes,No,No,No,No,No,No,No,No,No,No,No,No,No,No,Yes,No,Yes,Yes,Yes,No,Yes,Yes,Yes,No,-73.26910843,44.96768683
108,Neal Pond,Lunenburg,Essex,Boating/Fishing,Small,Gravel,No,Yes,North,Small,All Year,Light,No,Yes,No,No,No,Neal Pond,No,No,No,No,No,No,No,No,No,No,No,No,No,No,No,No,Yes,No,Yes,Yes,No,Yes,Yes,No,No,No,-71.69121546,44.4825631
109,Nelson Pond,Woodbury,Washington,Boating/Fishing,Small,Gravel,No,Yes,Protected,Medium,All Year,Light,No,No,Yes,No,No,Nelson Pond,No,No,No,No,No,No,No,No,No,No,No,Yes,Yes,Yes,No,No,Yes,No,No,Yes,No,Yes,Yes,Yes,No,No,-72.44676382,44.40983636
110,Newark Pond,Newark,Caledonia,Boating/Fishing,Small,Gravel,No,Yes,Protected,Small,Spring-Summer,Light,No,No,No,No,No,Newark Pond,No,No,No,No,No,No,No,No,No,No,No,No,Yes,No,No,No,Yes,No,No,No,No,Yes,Yes,No,No,No,-71.98095229,44.72314175
111,Lake Champlain,North Hero,Grand Isle,Fishing,N/A,None,Yes,Yes,North,Small,"Spring, Summer, Fall",Light,No,No,No,No,Yes,North Hero Causeway,No,No,No,No,No,No,Yes,No,No,No,No,No,No,No,No,No,Yes,Yes,Yes,Yes,Yes,Yes,Yes,Yes,Yes,No,-73.27173891,44.88532478
112,North Montpelier Pond,E. Montpelier,Washington,Boating/Fishing,Small,Gravel,No,Yes,Protected,Small,Spring-Summer,Light,No,No,No,No,No,North Montpelier Pond,No,No,No,No,No,No,No,No,No,No,No,No,No,No,No,No,Yes,No,No,Yes,Yes,No,Yes,Yes,No,No,-72.44644198,44.30611573
113,Connecticut River,Thetford,Orange,Boating/Fishing,Medium,Concrete Plank,No,Yes,Protected,Medium,"Summer, Fall",Light,No,No,No,No,No,North Thetford,No,No,No,No,No,No,No,No,No,No,No,Yes,Yes,No,No,No,Yes,Yes,Yes,Yes,Yes,Yes,Yes,Yes,No,No,-72.18350169,43.84133846
114,Norton Pond,Warrens Gore,Essex,Boating/Fishing,Medium,Concrete Plank,No,Yes,Protected,Medium,All Year,Light,No,Yes,Yes,No,No,Norton Pond,No,No,No,No,No,No,No,No,No,No,No,No,No,No,No,No,Yes,No,Yes,No,Yes,Yes,Yes,No,No,No,-71.87136541,44.9240155
115,Connecticut River,Brattleboro,Windham,Boating/Fishing,Medium,Concrete,No,Yes,Protected,Large,"Spring, Summer, Fall",Heavy,No,No,No,No,No,Old Ferry Road,No,No,No,No,No,No,No,No,No,No,No,No,No,No,No,No,Yes,Yes,Yes,Yes,Yes,Yes,Yes,Yes,Yes,No,-72.53611041,42.89315387
116,Ompompanoosuc River,Norwich,Windsor,Boating/Fishing,Small,Gravel,No,Yes,Protected,Small,Spring-Summer,Light,No,No,No,No,No,Ompompanoosuc River,No,No,No,No,No,No,No,No,No,No,No,No,No,No,No,No,Yes,Yes,Yes,Yes,Yes,Yes,Yes,Yes,No,No,-72.23086518,43.7554051
117,Otter Creek,Sudbury,Rutland,Boating/Fishing,Small,Gravel,No,No,Protected,Medium,"Spring, Summer, Fall",Light,No,No,No,No,No,Otter Creek (Sudbury),No,Yes,No,No,No,No,No,No,No,No,No,No,No,No,No,No,Yes,No,Yes,No,Yes,Yes,Yes,Yes,Yes,No,-73.15521231,43.80990896
118,Otter Creek,Pittsford,Rutland,Boating/Fishing,Carry-on,None,No,No,Protected,N/A,Spring-Summer,Light,No,No,No,No,No,Kingsley Access,No,Yes,Yes,No,Yes,Yes,Yes,No,Yes,No,No,Yes,No,Yes,Yes,Yes,Yes,Yes,Yes,Yes,Yes,Yes,Yes,Yes,Yes,Yes,-73.24699,44.086126
119,Peacham Pond,Peacham,Caledonia,Boating/Fishing,Medium,Gravel,No,Yes,Protected,Small,All Year,Light,No,Yes,Yes,No,No,Peacham Pond,No,No,No,No,No,No,No,No,No,No,No,Yes,No,No,No,Yes,Yes,No,No,No,No,No,Yes,Yes,No,No,-72.26543675,44.33356782
121,Pensioner Pond,Charleston,Orleans,Boating/Fishing,Small,Gravel,No,Yes,South,Small,All Year,Light,No,No,No,No,No,Pensioner Pond,No,No,No,No,No,No,No,No,No,No,Yes,No,No,No,No,No,Yes,No,No,Yes,No,Yes,Yes,No,No,No,-72.05244342,44.87738328
122,Perch Pond,Benson,Rutland,Boating/Fishing,Carry-on,None,No,No,Protected,Small,Spring-Summer,Light,No,No,No,No,No,Perch Pond,No,No,No,No,No,No,No,No,No,No,No,No,No,No,No,No,Yes,No,No,No,Yes,No,Yes,Yes,No,No,-73.281604,43.748897
123,Connecticut River,Putney,Windham,Boating/Fishing,Small,Concrete,No,Yes,"North, South",Small,"Spring, Summer, Fall",Light,No,No,No,No,No,Putney Landing,No,No,No,No,No,No,No,No,No,No,No,No,No,No,No,No,Yes,Yes,Yes,Yes,Yes,Yes,Yes,Yes,No,No,-72.52087547,42.96166977
124,Red Mill Pond,Woodford,Bennington,Boating/Fishing,Small,Gravel,No,Yes,Protected,Small,Trout Season Only,Light,No,No,No,No,No,Red Mill Pond,No,No,No,No,No,No,No,No,No,No,Yes,No,No,No,No,No,No,No,No,No,No,No,No,No,No,No,-73.02805518,42.89061271
125,Lake Paran,N. Bennington,Bennington,Boating/Fishing,Small,Concrete,Yes,Yes,West,Medium,All Year,Light,No,Yes,No,No,No,Lake Paran,No,No,No,No,No,No,No,No,No,No,Yes,Yes,Yes,No,No,No,Yes,No,No,No,Yes,No,Yes,Yes,No,No,-73.23517427,42.93202387
126,Ansel Pond,Bethel,Windsor,Boating/Fishing,Carry-on,None,No,Yes,Protected,Small,Spring-Summer,Light,No,No,No,No,No,Ansel Pond,No,No,No,No,No,No,No,No,No,No,Yes,No,No,No,No,No,No,No,No,No,No,No,No,Yes,No,No,-72.61704802,43.83691768
128,Baker Pond,Brookfield,Orange,Boating/Fishing,Small,Gravel,No,Yes,North,Medium,"Spring, Summer, Fall",Light,No,No,Yes,No,No,Baker Pond (Brookfield),No,No,No,No,No,No,No,No,No,No,Yes,No,No,No,No,No,Yes,No,No,No,Yes,No,Yes,Yes,No,No,-72.63465014,44.0698231
129,Bald Hill Pond,Westmore,Orleans,Boating/Fishing,Medium,Gravel,No,Yes,North,Small,Spring-Summer,Light,No,No,No,No,No,Bald Hill Pond,No,No,No,No,No,No,No,No,No,No,No,No,Yes,No,No,No,No,No,No,No,No,No,No,No,No,No,-71.973617,44.736458
130,Willoughby River,Barton,Orleans,Fishing,Carry-on,None,No,Yes,Protected,Small,Spring-Summer,Light,No,No,No,No,No,Indian Pioneer Point,No,No,No,No,No,No,No,No,No,No,No,No,Yes,No,No,No,No,No,No,No,No,No,No,No,No,No,-72.203033,44.81679
131,Batten Kill,Arlington,Bennington,Boating/Fishing,Carry-on,None,No,Yes,Protected,Small,Trout Season Only,Light,No,No,No,No,No,Red Mill,No,No,No,No,No,No,No,No,No,No,Yes,Yes,No,No,No,No,No,No,No,No,No,No,No,No,No,No,-73.258426,43.105997
132,Bean Pond,Sutton,Caledonia,Boating/Fishing,Small,Gravel,No,No,Protected,N/A,Spring-Summer,Light,No,No,No,No,No,Bean Pond,No,No,No,No,No,No,No,No,No,No,Yes,No,No,No,No,No,No,No,No,No,No,No,Yes,Yes,No,No,-72.082528,44.695964
133,Otter Creek,Clarendon,Rutland,Boating/Fishing,Carry-on,None,No,Yes,,Small,Spring-Summer,Light,No,No,No,No,No,Otter Creek (Clarendon),No,No,No,No,No,No,No,No,No,No,Yes,No,No,No,No,No,Yes,No,No,No,No,No,No,No,No,No,-72.9834,43.51095
136,Lake Champlain,Benson,Rutland,Boating/Fishing,Medium,Concrete,No,Yes,Northwest,Small,All Year,Heavy,Yes,Yes,Yes,Yes,No,Benson Landing,Yes,Yes,Yes,Yes,Yes,No,Yes,No,Yes,No,No,No,No,No,No,No,Yes,Yes,Yes,Yes,Yes,Yes,Yes,Yes,Yes,No,-73.36728745,43.72843936
137,Big Salem Lake,Derby,Orleans,Boating/Fishing,Medium,Concrete,No,Yes,Northwest,Medium,All Year,Light,Yes,Yes,Yes,Yes,No,David H Wood,No,No,No,No,No,No,No,No,No,No,No,Yes,No,No,Yes,Yes,Yes,Yes,No,Yes,Yes,Yes,Yes,Yes,No,Yes,-72.09877096,44.92088857
138,Black Pond,Hubbardton,Rutland,Boating/Fishing,Small,Gravel,No,No,Protected,N/A,Spring-Summer,,No,No,No,No,No,Black Pond,No,No,No,No,No,No,No,No,No,No,No,No,Yes,No,No,No,Yes,No,No,No,Yes,No,No,Yes,Yes,No,-73.22773,43.704172
139,Breese Pond,Hubbardton,Rutland,Boating/Fishing,Carry-on,None,No,No,Protected,N/A,Spring-Summer,,No,No,No,No,No,Breese Pond,No,No,No,No,No,No,No,No,No,No,No,No,No,No,No,No,Yes,No,Yes,No,Yes,No,Yes,Yes,Yes,No,-73.215244,43.715785
141,Richville Pond,Shoreham,Addison,Fishing,N/A,None,No,No,,Small,Spring-Summer,Light,No,No,No,No,No,Richville Covered Bridge,No,No,No,No,No,No,No,No,No,No,No,No,No,No,No,No,Yes,No,Yes,No,Yes,No,Yes,Yes,Yes,No,-73.253239,43.860232
142,Lake Champlain,Highgate,Franklin,Boating/Fishing,Small,Gravel,No,Yes,Protected,Small,Spring,Light,No,Yes,No,No,No,Rock River,Yes,Yes,Yes,No,Yes,No,Yes,No,Yes,No,No,No,No,No,No,No,Yes,Yes,Yes,Yes,Yes,Yes,Yes,Yes,Yes,No,-73.08862483,44.98850026
143,Rood Pond,Williamstown,Orange,Boating/Fishing,Small,Concrete Plank,Yes,Yes,Southeast,Small,All Year,Light,No,Yes,Yes,No,No,Rood Pond,No,No,No,No,No,No,No,No,No,No,Yes,No,No,No,No,No,Yes,No,No,No,Yes,No,Yes,No,No,No,-72.58818801,44.07786076
144,Lake Champlain,Alburg,Grand Isle,Fishing,N/A,None,Yes,Yes,"North, West",Large,All Year,Light,No,Yes,No,No,No,Korean War Veterans Access,Yes,No,No,No,No,No,Yes,No,No,No,No,No,No,No,No,No,Yes,Yes,Yes,Yes,Yes,Yes,Yes,Yes,Yes,No,-73.33953982,44.99876519
145,Lake Champlain,Saint Albans,Franklin,Boating/Fishing,Large,Concrete,No,Yes,Protected,Large,All Year,Heavy,Yes,Yes,Yes,Yes,No,Saint Albans Bay,No,Yes,No,No,No,No,Yes,No,No,No,No,Yes,Yes,Yes,Yes,Yes,Yes,Yes,Yes,Yes,Yes,Yes,Yes,Yes,Yes,No,-73.17228346,44.79459693
146,Lake Champlain,Milton,Chittenden,Fishing,N/A,None,No,Yes,Protected,Small,Spring,Light,No,No,No,No,No,Sand Bar Refuge,Yes,Yes,Yes,No,No,No,Yes,No,Yes,No,No,Yes,No,No,Yes,No,Yes,Yes,Yes,Yes,Yes,Yes,Yes,Yes,Yes,No,-73.213641,44.623308
147,Lamoille River,Milton,Chittenden,Fishing,N/A,None,Yes,Yes,Protected,Medium,Spring-Summer,Light,No,No,Yes,No,No,Sears,No,No,Yes,No,No,No,Yes,No,Yes,No,No,Yes,No,No,Yes,No,Yes,Yes,Yes,Yes,Yes,Yes,Yes,Yes,No,No,-73.20516507,44.60403271
149,Seymour Lake,Morgan,Orleans,Boating/Fishing,Large,Concrete,No,Yes,South,Large,All Year,Heavy,Yes,Yes,Yes,Yes,No,Seymour Lake,No,No,No,No,No,No,No,No,No,No,No,Yes,No,Yes,Yes,Yes,Yes,No,No,Yes,No,Yes,No,No,No,Yes,-71.98196928,44.91044937
150,Shadow Lake-Concord,Concord,Essex,Boating/Fishing,Small,Concrete Plank,No,Yes,South,Small,All Year,Light,No,No,No,No,No,Shadow Lake (Concord),No,No,No,No,No,No,No,No,No,No,No,No,No,No,No,No,Yes,No,No,Yes,No,Yes,Yes,No,No,No,-71.86944681,44.40584278
151,Shadow Lake-Glover,Glover,Orleans,Boating/Fishing,Medium,Concrete,No,Yes,Protected,Small,All Year,Light,No,Yes,Yes,No,No,Shadow Lake (Glover),No,No,No,No,No,No,No,No,No,No,No,No,Yes,Yes,No,No,Yes,No,No,Yes,No,Yes,Yes,No,No,No,-72.22058738,44.66371003
152,Lake Champlain,Shelburne,Chittenden,Boating/Fishing,Medium,Concrete,No,Yes,North,Small,Spring-Summer,Moderate,Yes,Yes,Yes,Yes,No,Shelburne Bay,No,No,No,No,No,No,Yes,No,Yes,No,No,Yes,Yes,Yes,Yes,Yes,Yes,Yes,Yes,No,Yes,Yes,Yes,Yes,Yes,No,-73.23484284,44.39943429
153,Shelburne Pond,Shelburne,Chittenden,Boating/Fishing,Medium,Gravel,No,Yes,North,Medium,All Year,Moderate,No,Yes,No,No,No,Shelburne Pond,No,No,No,No,No,No,No,No,No,No,No,No,No,No,No,No,Yes,No,Yes,No,Yes,No,Yes,Yes,Yes,No,-73.16222524,44.37710728
154,Lake Champlain,Orwell,Addison,Boating/Fishing,Medium,Gravel,No,Yes,Southwest,Medium,All Year,Moderate,No,Yes,No,Yes,No,George Davis (Singing Cedars),Yes,Yes,Yes,Yes,Yes,No,Yes,No,Yes,No,No,No,No,No,No,No,Yes,Yes,Yes,Yes,Yes,Yes,Yes,Yes,Yes,No,-73.34285096,43.76429515
155,Lake Memphremagog,Newport City,Orleans,Boating/Fishing,Medium,Concrete,No,Yes,South,Large,All Year,Moderate,Yes,Yes,No,No,No,South Bay,No,Yes,No,No,No,No,No,No,No,No,No,No,Yes,No,No,Yes,Yes,Yes,Yes,Yes,Yes,Yes,Yes,Yes,No,No,-72.21304121,44.92908299
156,South Pond,Marlboro,Windham,Boating/Fishing,Medium,Concrete Plank,No,Yes,West,Small,Trout Season Only,Light,No,No,No,No,No,South Pond,No,No,No,No,No,No,No,No,No,No,No,Yes,Yes,No,No,No,No,No,No,No,No,No,No,No,No,No,-72.70985883,42.84646793
157,Little Otter Creek,Ferrisburg,Addison,Boating/Fishing,Medium,Concrete Plank,No,Yes,Protected,Medium,Spring,Light,No,No,No,No,Yes,South Slang,Yes,Yes,No,No,Yes,No,Yes,No,No,No,No,No,No,No,No,No,Yes,No,Yes,Yes,Yes,Yes,Yes,Yes,Yes,No,-73.27756336,44.22649359
158,South Stream,Pownal,Bennington,Boating/Fishing,Carry-on,None,No,No,,Medium,Spring,Light,No,No,No,No,No,South Stream,No,No,No,No,No,No,No,No,No,No,No,No,No,No,No,No,No,No,No,Yes,No,No,Yes,Yes,No,No,-73.1774331,42.81116801
159,Spectacle Pond,Brighton,Essex,Boating/Fishing,Small,Concrete Plank,No,Yes,North,Medium,All Year,Light,No,No,No,No,No,Spectacle Pond,No,No,No,No,No,No,No,No,No,No,No,Yes,No,No,No,No,Yes,No,No,Yes,Yes,Yes,Yes,Yes,No,No,-71.85533046,44.80417795
160,Lake Champlain,North Hero,Grand Isle,Boating/Fishing,Medium,Concrete,No,Yes,North,Medium,All Year,Light,Yes,Yes,No,No,Yes,Stephensen Point,Yes,No,No,No,No,No,Yes,No,Yes,No,No,Yes,No,No,Yes,No,Yes,Yes,Yes,Yes,Yes,Yes,Yes,Yes,Yes,No,-73.23279685,44.89489431
161,Lake Champlain,Isle La Motte,Grand Isle,Boating/Fishing,Small,Gravel/Shale,No,Yes,"Southwest, North",Small,All Year,Light,No,Yes,No,No,Yes,Stoney Point,Yes,No,No,No,No,No,Yes,No,Yes,No,No,Yes,No,Yes,Yes,No,Yes,Yes,Yes,Yes,Yes,Yes,Yes,Yes,No,No,-73.35882936,44.87147669
163,Lake Champlain,Swanton,Franklin,Boating/Fishing,Medium,Concrete,No,Yes,Southwest,Large,All Year,Moderate,No,Yes,No,No,Yes,Tabor Point,Yes,No,Yes,No,No,No,Yes,No,Yes,No,No,Yes,No,No,Yes,Yes,Yes,Yes,Yes,Yes,Yes,Yes,Yes,Yes,Yes,No,-73.21488219,44.925375
165,Ticklenaked Pond,Ryegate,Caledonia,Boating/Fishing,Small,Gravel,No,Yes,South,Small,All Year,Light,No,Yes,No,No,No,Ticklenaked Pond,No,No,No,No,No,No,No,No,No,No,No,No,No,No,No,No,Yes,No,No,Yes,Yes,Yes,Yes,Yes,No,No,-72.09695482,44.19202067
167,Valley Lake,Woodbury,Washington,Boating/Fishing,Small,Gravel,No,Yes,Protected,Small,Spring-Summer,Light,No,No,No,No,No,Valley Lake,No,No,No,No,No,No,No,No,No,No,No,No,No,No,No,No,Yes,No,No,Yes,No,Yes,Yes,Yes,No,No,-72.44707992,44.44355778
168,Lake Champlain,Milton,Chittenden,Boating/Fishing,Medium,Concrete,No,No,Unprotected,Large,All Year,Moderate,No,Yes,Yes,Yes,No,Van Everest,No,No,No,No,No,No,Yes,No,No,No,No,Yes,No,No,Yes,Yes,Yes,Yes,Yes,Yes,Yes,Yes,Yes,Yes,No,No,-73.2091351,44.70596109
169,Lake Champlain,Grand Isle,Grand Isle,Boating/Fishing,Medium,Concrete,No,Yes,Unprotected,Small,All Year,Light,No,Yes,Yes,Yes,No,Vantines,No,No,No,No,No,No,No,No,No,No,No,No,No,Yes,Yes,No,Yes,No,Yes,No,Yes,Yes,No,Yes,No,No,-73.34124506,44.7195985
170,Vernon Hatchery Pond,Vernon,Windham,Boating/Fishing,Carry-on,None,No,Yes,Protected,Small,Trout Season Only,Light,No,No,No,No,No,Vernon Hatchery Pond,No,No,No,No,No,No,No,No,No,No,Yes,No,No,No,No,No,No,No,No,No,No,No,No,No,No,No,-72.500175,42.743842
171,Batten Kill,Arlington,Bennington,Boating/Fishing,Carry-on,None,No,Yes,Protected,Small,Trout Season Only,Light,No,No,No,No,No,Wagon Wheel,No,No,No,No,No,No,No,No,No,No,Yes,Yes,No,No,No,No,No,No,No,No,No,No,No,No,No,No,-73.1413547,43.09760501
172,Wallace Pond,Canaan,Essex,Boating/Fishing,Small,Concrete,No,Yes,Protected,Small,All Year,Light,No,No,Yes,No,No,Wallace Pond,No,No,No,No,No,No,No,No,No,No,No,Yes,No,No,No,Yes,Yes,No,No,Yes,No,Yes,Yes,Yes,No,No,-71.6357371,45.01065592
173,Mad River,Moretown,Washington,Fishing,N/A,None,No,Yes,,Large,Spring,Moderate,No,No,No,No,No,Ward,No,No,No,No,No,No,No,No,No,No,No,Yes,Yes,No,No,No,No,No,No,No,No,No,No,No,No,No,-72.72440393,44.29037989
174,Batten Kill,Arlington,Bennington,Boating/Fishing,Carry-on,None,No,Yes,Protected,Small,Trout Season Only,Light,No,No,No,No,No,Waterworks Bridge,No,No,No,No,No,No,No,No,No,No,Yes,Yes,No,No,No,No,No,No,No,No,No,No,No,No,No,No,-73.15676072,43.0765683
175,Weather Head Hollow Pond,Guilford,Windham,Boating/Fishing,Small,Concrete Plank,No,Yes,South,Small,Trout Season Only,Light,No,No,No,No,No,Weatherhead Hollow Pond,No,No,No,No,No,No,No,No,No,No,No,No,No,No,No,No,Yes,No,No,No,Yes,No,No,Yes,No,No,-72.61432446,42.73793808
176,West Hill Pond,Cabot,Washington,Boating/Fishing,Carry-on,None,No,No,,N/A,Spring-Summer,Light,No,No,No,No,No,West Hill Pond,No,No,No,No,No,No,No,No,No,No,No,No,No,No,No,No,Yes,No,No,Yes,Yes,No,Yes,No,No,No,-72.342821,44.41418
178,Lake Champlain,Swanton,Franklin,Boating/Fishing,Large,Concrete,No,Yes,"North, West",Medium,All Year,Heavy,Yes,Yes,Yes,Yes,No,Larry Greene,Yes,Yes,Yes,No,No,No,Yes,No,Yes,No,No,No,No,No,No,No,Yes,Yes,Yes,Yes,Yes,Yes,Yes,Yes,Yes,No,-73.21146854,44.97070599
179,Lake Memphremagog,Newport Town,Orleans,Boating/Fishing,Medium,Concrete,No,Yes,"North, East",Large,All Year,Moderate,Yes,Yes,Yes,Yes,No,Whipple Point,No,Yes,No,No,No,No,No,No,No,No,No,Yes,Yes,Yes,Yes,Yes,Yes,Yes,Yes,Yes,Yes,Yes,Yes,Yes,No,Yes,-72.23394731,44.95394176
180,Lake Champlain,Orwell,Addison,Boating/Fishing,Carry-on,None,No,No,,Small,Spring-Summer,,No,No,No,No,No,Mt Independence,No,No,No,No,No,No,No,No,No,No,No,No,No,No,No,No,No,No,No,No,No,No,No,No,No,No,-73.387376,43.81921
182,Lake Champlain,Colchester,Chittenden,Boating/Fishing,Large,Concrete,Yes,Yes,Protected,Large,Spring-Summer,Moderate,Yes,No,Yes,No,No,Colchester Point,No,Yes,No,No,No,No,Yes,No,Yes,No,No,Yes,Yes,Yes,Yes,No,Yes,Yes,Yes,Yes,Yes,Yes,Yes,Yes,No,No,-73.27474429,44.53628714
183,Bristol Pond,Bristol,Addison,Boating/Fishing,Medium,Concrete,No,Yes,Protected,Small,Spring,Light,No,Yes,No,No,No,Bristol Pond,No,No,No,No,No,No,No,No,No,No,No,No,No,No,No,No,Yes,No,Yes,No,Yes,No,Yes,Yes,Yes,No,-73.09983,44.181918
184,Wolcott Pond,Wolcott,Lamoille,Boating/Fishing,Small,Concrete Plank,No,Yes,Protected,Small,All Year,Light,No,No,No,No,No,Wolcott Pond,No,No,No,No,No,No,No,No,No,No,No,No,No,No,No,No,Yes,No,No,No,No,Yes,Yes,Yes,No,No,-72.427099,44.566514
185,Woodward Reservoir,Plymouth,Windsor,Boating/Fishing,Small,Concrete Plank,Yes,Yes,Protected,Large,All Year,Light,No,Yes,Yes,No,No,Woodward Reservoir,No,No,No,No,No,No,No,No,No,No,No,Yes,Yes,No,No,Yes,Yes,No,Yes,Yes,Yes,Yes,Yes,Yes,No,No,-72.76213204,43.57225765
186,Sabin Pond,Woodbury,Washington,Boating/Fishing,Medium,Concrete,No,Yes,Protected,Medium,All Year,Moderate,No,Yes,No,No,No,Sabin Pond,No,No,No,No,No,No,No,No,No,No,No,Yes,Yes,No,No,Yes,Yes,No,No,Yes,Yes,Yes,Yes,Yes,No,No,-72.41390216,44.40741334
187,Waits River,Bradford,Orange,Boating/Fishing,Medium,Concrete,No,Yes,Protected,Small,Spring-Summer,Light,Yes,No,No,No,No,Bugbee Landing,No,No,No,No,No,No,No,No,No,No,No,Yes,Yes,No,No,No,Yes,Yes,Yes,Yes,Yes,Yes,Yes,Yes,Yes,No,-72.12258,43.996598
188,Amherst Lake,Plymouth,Windsor,Boating/Fishing,Medium,Concrete Plank,No,Yes,Protected,Small,Spring-Summer,Moderate,No,No,Yes,No,No,Amherst Lake,No,No,No,No,No,No,No,No,No,No,No,No,Yes,Yes,No,No,Yes,No,No,Yes,No,Yes,Yes,Yes,No,No,-72.70782141,43.49044404
189,Buck Lake,Woodbury,Washington,Boating/Fishing,Small,Gravel,No,No,South,Small,Spring,Moderate,No,No,No,No,No,Buck Lake,No,No,No,No,No,No,No,No,No,No,Yes,No,No,No,No,No,Yes,No,No,No,No,Yes,Yes,Yes,No,No,-72.39663256,44.46714842
190,Connecticut River,Putney,Windham,Boating/Fishing,Small,Concrete Plank,No,Yes,Protected,Small,"Spring, Summer, Fall",Moderate,No,No,No,No,No,Dummerston,No,No,No,No,No,No,No,No,No,No,No,No,No,No,No,No,Yes,Yes,Yes,Yes,Yes,Yes,Yes,Yes,No,No,-72.52736,42.957458
191,Richville Pond,Shoreham,Addison,Boating/Fishing,Small,Gravel,No,Yes,Protected,Small,Spring-Summer,Light,No,Yes,No,No,No,Richville,No,No,No,No,No,No,No,No,No,No,No,No,No,No,No,No,Yes,No,Yes,No,Yes,No,Yes,Yes,Yes,No,-73.268591,43.87135
192,Winooski River,Colchester,Chittenden,Boating/Fishing,Carry-on,None,Yes,No,Protected,Medium,Spring-Summer,Moderate,No,No,No,No,No,Heineberg Bridge,No,Yes,No,No,No,No,Yes,No,Yes,No,No,Yes,Yes,No,Yes,No,Yes,Yes,Yes,Yes,Yes,Yes,Yes,Yes,No,No,-73.25652425,44.52555858
194,Lamoille River,Milton,Chittenden,Boating/Fishing,Large,Concrete,Yes,Yes,Protected,Large,Spring-Summer,Moderate,No,No,Yes,No,No,Lamoille River,Yes,No,Yes,No,No,No,Yes,No,Yes,No,No,Yes,No,No,Yes,No,Yes,Yes,Yes,Yes,Yes,Yes,Yes,Yes,Yes,No,-73.21839424,44.60616779
195,Lake Champlain,Addison,Addison,Boating/Fishing,Large,Concrete,No,Yes,Northwest,Medium,All Year,Heavy,Yes,Yes,Yes,Yes,No,Chimney Point,Yes,Yes,Yes,Yes,Yes,No,Yes,No,Yes,No,No,No,Yes,Yes,Yes,Yes,Yes,Yes,Yes,Yes,Yes,Yes,Yes,Yes,Yes,Yes,-73.42152867,44.03448495
196,Lamoille River,Wolcott,Lamoille,Fishing,N/A,None,Yes,Yes,,Medium,Spring-Summer,Light,No,No,No,No,No,Fisher Bridge,No,No,No,No,No,No,No,No,No,No,No,Yes,Yes,No,No,No,No,No,No,No,No,No,No,No,No,No,-72.427762,44.532599
197,Willoughby River,Barton,Orleans,Fishing,N/A,None,No,Yes,,Small,Spring,Moderate,No,No,Yes,No,No,Willoughby Falls,No,No,No,No,No,No,No,No,No,No,No,No,Yes,No,No,No,No,No,No,No,No,No,No,No,No,No,-72.1939,44.811854
198,Little Hosmer Pond,Craftsbury,Orleans,Boating/Fishing,Small,Concrete Plank,No,Yes,North,Small,Spring,Light,No,No,No,No,No,Little Hosmer,No,No,No,No,No,No,No,No,No,No,No,No,No,No,No,No,Yes,No,No,Yes,Yes,No,Yes,Yes,No,No,-72.37608928,44.66638328
200,Lake Champlain,Orwell,Addison,Boating/Fishing,Medium,Concrete,No,Yes,North,Small,All Year,Light,Yes,No,No,No,Yes,Chipmans Point,Yes,Yes,Yes,Yes,Yes,No,Yes,No,Yes,No,No,No,No,No,No,No,Yes,Yes,Yes,Yes,Yes,Yes,Yes,Yes,Yes,No,-73.375392,43.800555
203,Kent Pond,Killington,Rutland,Fishing,N/A,None,Yes,No,,Medium,All Year,Heavy,No,No,No,No,No,Kent Pond Shorefishing Platform,No,No,No,No,No,No,No,No,No,No,Yes,No,Yes,No,No,No,Yes,No,No,No,Yes,No,No,Yes,No,No,-72.799417,43.675272
206,Lake Champlain,Grand Isle,Grand Isle,Fishing,N/A,None,No,Yes,Protected,Small,All Year,Light,No,No,No,No,No,Ed Weed,Yes,Yes,No,No,Yes,No,Yes,No,No,No,No,No,No,No,No,No,Yes,Yes,Yes,Yes,Yes,Yes,Yes,Yes,Yes,No,-73.347635,44.689077
214,Bullhead Pond,Manchester,Bennington,Boating/Fishing,Carry-on,None,No,No,Protected,Small,"Spring, Summer, Fall",Light,No,No,No,No,No,Bullhead Pond,No,No,No,No,No,No,No,No,No,No,Yes,No,No,No,No,No,Yes,No,No,No,Yes,No,Yes,No,No,No,-73.016736,43.21064
219,Lake Champlain,South Hero,Grand Isle,Boating/Fishing,Large,Concrete,No,No,Protected,Large,All Year,Moderate,Yes,No,Yes,Yes,No,John Guilmette,No,No,No,No,No,No,No,No,No,No,No,No,No,No,No,No,No,No,No,No,No,No,No,No,No,No,-73.266852,44.637406
242,New Haven River,Bristol,Addison,Fishing,N/A,None,Yes,No,,Medium,Spring-Summer,Light,No,No,No,No,No,New Haven Fishing Platform,No,No,No,No,No,No,No,No,No,No,Yes,No,Yes,No,No,No,No,No,No,No,No,No,No,No,No,No,-73.03422,44.12328
250,Great Hosmer Pond,Craftsbury,Lamoille,Boating/Fishing,Small,Gravel,No,Yes,Protected,Small,All Year,Light,No,No,No,No,No,Gordon (PeeWee) Wing,No,No,No,No,No,No,No,No,No,No,No,No,No,No,No,No,Yes,No,No,Yes,Yes,No,Yes,Yes,No,No,-72.36219,44.68358
267,Poultney River,West Haven,Rutland,Boating/Fishing,Small,Gravel,No,No,Protected,Small,Spring-Fall,Light,No,No,No,No,No,Ward Marsh,No,No,No,No,No,No,No,No,No,No,No,No,No,No,No,No,No,No,No,No,No,No,No,No,No,No,-73.39575,43.56984
271,Lake Carmi,Franklin,Franklin,Boating/Fishing,Small,Concrete,No,No,Southern,Small,Spring-Fall,Seasonal,Yes,No,No,No,No,Lake Carmi,No,No,No,Yes,No,No,No,No,No,No,No,No,No,No,No,No,Yes,Yes,Yes,No,Yes,Yes,Yes,Yes,Yes,No,-72.87126,44.99016
272,Lewis Creek,Monkton,Addison,Boating/Fishing,Carry-on,None,No,No,Protected,Small,Spring,Light,No,No,No,No,No,Lewis Creek at Tyler Bridge,No,No,No,No,No,No,No,No,No,No,No,No,No,No,No,No,No,No,No,No,No,No,No,No,No,No,-73.0814,44.27727
274,Connecticut River,Lemington,Essex,Boating/Fishing,Small,Timber Crib,No,No,Protected,Small,Spring-Fall,Light,No,No,No,No,No,Francis John Smith,No,No,No,No,No,No,No,No,No,No,No,No,No,No,No,No,No,No,No,No,No,No,No,No,No,No,-71.59596,44.77456
275,Lamoille River,Wolcott,Lamoille,Boating/Fishing,Carry-on,None,No,No,Protected,Small,Spring-Fall,Light,No,No,No,No,No,Upper Lamoille River,No,No,No,No,No,No,No,No,No,No,No,No,No,No,No,No,No,No,No,No,No,No,No,No,No,No,-72.47893,44.55125
276,Lamoille River,Johnson,Lamoille,Boating/Fishing,Carry-on,None,No,No,Protected,Small,Spring-Fall,Light,No,No,No,No,No,Dog Head Falls,No,No,No,No,No,No,No,No,No,No,No,No,No,No,No,No,No,No,No,No,No,No,No,No,No,No,-72.6786,44.62181